Suburb,SuburbTown,Chinese_Tot_Resp,Aust_Tot_Resp,proportion
Abbotsford,ABBOTSFORD,838,1794,0.467112598
Abbotsford,COLLINGWOOD,838,1794,0.467112598
Abbotsford,RICHMOND,838,1794,0.467112598
Aberfeldie,ABERFELDIE,101,1074,0.094040968
Aberfeldie,ESSENDON,101,1074,0.094040968
Aberfeldie,MOONEE PONDS,101,1074,0.094040968
Aireys Inlet,AIREYS INLET,3,282,0.010638298
Aireys Inlet,AIRLEYS INLET,3,282,0.010638298
Airport West,AIRPORT WEST,187,1804,0.103658537
Airport West,NIDDRIE,187,1804,0.103658537
Albanvale,ALBANVALE,319,656,0.486280488
Albert Park,ALBERT PARK,130,1559,0.083386786
Albert Park,MIDDLE PARK,130,1559,0.083386786
Albert Park,SOUTH MELBOURNE,130,1559,0.083386786
Alberton West,ALBERTON WEST,0,42,0
Albion,ALBION,296,748,0.395721925
Albion,SUNSHINE,296,748,0.395721925
Alexandra,ALEXANDRA,3,1190,0.002521008
Alfredton,ALFREDTON,229,3407,0.067214558
Alfredton,BALLARAT,229,3407,0.067214558
Allans Flat,ALLANS FLAT,0,143,0
Allansford,ALLANSFORD,3,742,0.004043127
Allansford,WARRNAMBOOL,3,742,0.004043127
Alphington,ALPHINGTON,232,1487,0.15601883
Alphington,FAIRFIELD,232,1487,0.15601883
Altona,ALTONA,364,2972,0.122476447
Altona Meadows,ALTONA MEADOWS,858,4299,0.199581298
Altona North,ALTONA,500,2271,0.220167327
Altona North,ALTONA NORTH,500,2271,0.220167327
Alvie,ALVIE,0,52,0
Amphitheatre,AMPHITHEATRE,0,118,0
Anakie,ANAKIE,0,273,0
Anglesea,ANGLESEA,14,1084,0.012915129
Apollo Bay,APOLLO BAY,23,546,0.042124542
Apsley,APSLEY,0,135,0
Ararat,ARARAT,76,3287,0.023121387
Ardeer,ARDEER,105,460,0.22826087
Ardeer,DEER PARK,105,460,0.22826087
Ardmona,ARDMONA,26,181,0.143646409
Armadale,ARMADALE,453,2306,0.196444059
Armadale,MALVERN,453,2306,0.196444059
Arthurs Creek,ARTHURS CREEK  ,3,207,0.014492754
Ascot (Greater Bendigo - Vic.),EPSOM,18,913,0.019715225
Ascot Vale,ASCOT VALE,810,3567,0.227081581
Ashburton,ASHBURTON,828,2304,0.359375
Ashburton,GLEN IRIS,828,2304,0.359375
Ashwood,ASHWOOD,1154,1497,0.770875084
Aspendale,ASPENDALE,117,2530,0.046245059
Aspendale,MORDIALLOC,117,2530,0.046245059
Athlone,ATHLONE,0,64,0
Avalon,POINT WILSON,47,80,0.5875
Avenel,AVENEL,7,440,0.015909091
Avoca,AVOCA,8,503,0.015904573
Avondale Heights,AVONDALE HEIGHTS,785,1675,0.468656716
Axedale,AXEDALE,0,389,0
Bacchus Marsh,BACCHUS MARSH,33,2461,0.013409183
Bairnsdale,BAIRNSDALE,78,3278,0.023794997
Ballan,BALLAN,14,1192,0.011744966
Ballarat Central,BALLARAT,106,1890,0.056084656
Ballarat East,BALLARAT,77,2050,0.037560976
Ballarat East,BALLARAT EAST,77,2050,0.037560976
Ballarat North,BALLARAT NORTH,57,1484,0.038409704
Balliang,BALLIANG,0,103,0
Balmoral,BALMORAL,5,100,0.05
Balnarring,BALNARRING,6,977,0.006141249
Balnarring Beach,BALNARRING BEACH,0,137,0
Balwyn,BALWYN,3720,2501,1.487405038
Balwyn,SURREY HILLS,3720,2501,1.487405038
Balwyn North,BALWYN NORTH,5317,3474,1.530512378
Balwyn North,BULLEEN,5317,3474,1.530512378
Balwyn North,NORTH BALWYN,5317,3474,1.530512378
Bamawm,BAMAWM,0,261,0
Bamawm Extension,BAMAWM,3,118,0.025423729
Bambra,BAMBRA,0,38,0
Bandiana,BANDIANA MILPO,4,276,0.014492754
Bangholme,BANGHOLME,0,196,0
Bannockburn,BANNOCKBURN,14,2437,0.005744768
Banyena,BANYENA,0,13,0
Baranduda,BARANDUDA,9,1149,0.007832898
Baringhup,BARINGHUP,0,120,0
Baringhup,BARINHUP,0,120,0
Barmah,BARMAH,0,94,0
Barnawartha,BARNAWARTHA,3,435,0.006896552
Barnawartha North,WODONGA,0,59,0
Barongarook,BARONGAROOK,0,186,0
Barrabool,BARRABOOL,0,95,0
Barunah Park,BARUNAH PARK,0,13,0
Barwidgee,MYRTLEFORD,0,39,0
Barwon Downs,BARWON DOWNS,0,37,0
Barwon Heads,BARWON HEADS,21,1521,0.013806706
Bass,BASS,3,161,0.01863354
Batesford,BATESFORD,0,394,0
Baw Baw Village,(blank),3,3,1
Bayswater,BAYSWATER,1159,3325,0.348571429
Bayswater North,BAYSWATER,431,3051,0.141265159
Bayswater North,BAYSWATER NORTH,431,3051,0.141265159
Beaconsfield,BEACONSFIELD,89,2544,0.034984277
Beaconsfield Upper,UPPER BEACONSFIELD,15,1294,0.011591963
Beaconsfield Upper,(blank),15,1294,0.011591963
Bealiba,BEALIBA,0,87,0
Bears Lagoon,BEARS LAGOON,0,32,0
Beauchamp,BEAUCHAMP,0,19,0
Beaufort,BEAUFORT,6,625,0.0096
Beaumaris,BEAUMARIS,306,4251,0.071983063
Beaumaris,BEAUMORIS,306,4251,0.071983063
Beeac,BEEAC,0,180,0
Beech Forest,BEECH FOREST,0,30,0
Beechworth,BEECHWORTH,26,1439,0.018068103
Beechworth,(blank),26,1439,0.018068103
Belgrave,BELGRAVE,48,1375,0.034909091
Belgrave South,BELGRAVE SOUTH,20,710,0.028169014
Bell Park,BELL PARK,78,1227,0.063569682
Bell Park,NORTH GEELONG,78,1227,0.063569682
Bell Post Hill,BELL POST HILL,39,1358,0.028718704
Bellbrae,BELLBRAE,4,341,0.011730205
Bellbrae,TORQUAY,4,341,0.011730205
Bellbridge,BELBRIDGE,0,135,0
Bellfield (Banyule - Vic.),WEST HEIDELBERG,125,432,0.289351852
Belmont,BELMONT,253,5050,0.05009901
Belmont,GEELONG,253,5050,0.05009901
Bena,BENA,4,134,0.029850746
Benalla,BENALLA,88,4302,0.020455602
Benambra,BENAMBRA,0,73,0
Bendigo,BENDIGO,76,1869,0.040663456
Bennison,BENNISON,0,23,0
Bentleigh,BENTLEIGH,1493,3993,0.373904333
Bentleigh,MCKINNON,1493,3993,0.373904333
Bentleigh East,BENTLEIGH,2149,6672,0.322092326
Bentleigh East,BENTLEIGH EAST,2149,6672,0.322092326
Bentleigh East,BENTLEIGH EAST  ,2149,6672,0.322092326
Berriwillock,BERRIWILLOCK,0,75,0
Berwick,BERWICK,2305,13786,0.167198607
Bethanga,BETHANGA,4,242,0.016528926
Beulah,BEULAH,3,166,0.018072289
Beveridge,BEVERIDGE,23,825,0.027878788
Bindi,TONGIO,0,16,0
Binginwarri,BINGINWARRI,0,61,0
Birchip,BIRCHIP,0,269,0
Birregurra,BIRREGURRA,3,321,0.009345794
Bittern,BITTERN,14,1541,0.00908501
Black Hill,BALLARAT,41,788,0.052030457
Black Hill,BLACK HILL,41,788,0.052030457
Black Hill,(blank),41,788,0.052030457
Black Range,STAWELL,0,67,0
Black Rock,BLACK ROCK,156,1938,0.080495356
Black Rock,CHELTENHAM,156,1938,0.080495356
Blackburn,BLACKBURN,1962,4003,0.490132401
Blackburn North,BLACKBURN,1543,1779,0.867341203
Blackburn North,BLACKBURN NORTH,1543,1779,0.867341203
Blackburn South,BLACKBURN SOUTH,1994,2746,0.726147123
Blackburn South,BURWOOD EAST,1994,2746,0.726147123
Blackwood,BLACKWOOD,0,92,0
Blairgowrie,BLAIRGOWRIE,8,816,0.009803922
Blowhard,LEARMONTH,0,43,0
Boisdale,BOISDALE,0,136,0
Bolwarra,BOLWARRA,0,228,0
Bonbeach,BONBEACH,135,2124,0.063559322
Bonbeach,CARRUM,135,2124,0.063559322
Bonbeach,CHELSEA,135,2124,0.063559322
Bonegilla,BONEGILLA,9,324,0.027777778
Boneo,BONEO,0,154,0
Bonnie Doon,BONNIE DOON,0,240,0
Boolarra,BOOLARRA,3,413,0.007263923
Boorhaman,BOORHAMAN,0,48,0
Boorhaman North,BOORHAMAN,0,13,0
Boorolite,LANCEFIELD,0,49,0
Boorolite,MANSFIELD,0,49,0
Boort,BOORT,0,395,0
Boronia,BORONIA,1213,7377,0.164429985
Boronia,THE BASIN,1213,7377,0.164429985
Boronia,WANTIRNA,1213,7377,0.164429985
Boronia,WANTIRNA SOUTH,1213,7377,0.164429985
Bowenvale,BOWENVALE,0,61,0
Box Hill,BOX HILL,4876,1515,3.218481848
Box Hill,BOX HILL SOUTH,4876,1515,3.218481848
Box Hill North,BOX HILL NORTH,3623,2250,1.610222222
Box Hill North,KERRRIMUIR,3623,2250,1.610222222
Box Hill South,BOX HILL,1837,2110,0.870616114
Box Hill South,BOX HILL SOUTH,1837,2110,0.870616114
Box Hill South,BURWOOD,1837,2110,0.870616114
Box Hill South,SURREY HILLS,1837,2110,0.870616114
Braeside,BRAESIDE,0,4,0
Braeside,DINGLEY VILLAGE,0,4,0
Braeside,KEYSBOROUGH,0,4,0
Branxholme,BRANXHOLME,0,117,0
Braybrook,BRAYBROOK,1223,864,1.415509259
Breakwater,BREAKWATER,14,351,0.03988604
Breamlea,BREAMLEA,0,53,0
Breamlea,BREMLEA,0,53,0
Briagolong,BRIAGOLONG,0,453,0
Bridgewater On Loddon,BRIDGEWATER ON LODDON,0,141,0
Bright,BRIGHT,17,861,0.019744483
Brighton,BRIGHTON,1188,6569,0.180849444
Brighton,ELSTERNWICK,1188,6569,0.180849444
Brighton,NORTH BRIGHTON,1188,6569,0.180849444
Brighton,(blank),1188,6569,0.180849444
Brighton East,BRIGHTON,793,4365,0.181672394
Brighton East,BRIGHTON EAST,793,4365,0.181672394
Brighton East,HAMPTON,793,4365,0.181672394
Brighton East,(blank),793,4365,0.181672394
Brim,BRIM,0,85,0
Brimpaen,HORSHAM,0,45,0
Broadford,BROADFORD,30,1967,0.015251652
Broadmeadows,BROADMEADOWS,185,1697,0.10901591
Brookfield,MELTON,143,2663,0.053698836
Brookfield,MELTON SOUTH,143,2663,0.053698836
Brooklyn,BROOKLYN,129,348,0.370689655
Brown Hill,BALLARAT,30,1513,0.019828156
Brown Hill,BALLARAT EAST,30,1513,0.019828156
Brown Hill,BROWN HILL,30,1513,0.019828156
Brunswick,BRUNSWICK,1274,5487,0.232185165
Brunswick East,BRUNSWICK,579,2511,0.230585424
Brunswick East,BRUNSWICK EAST,579,2511,0.230585424
Brunswick West,BRUNSWICK WEST,688,3130,0.219808307
Bruthen,BRUTHEN,0,344,0
Buangor,BUANGOR,3,37,0.081081081
Buchan,BUCHAN,0,114,0
Buchan South,BUCHAN,0,38,0
Buckley,BUCKLEY,0,98,0
Buffalo,BUFFALO,0,135,0
Bulla,BULLA,6,156,0.038461538
Bullarook,BULLAROOK,0,49,0
Bulleen,BLACKBURN NORTH,2036,1548,1.315245478
Bulleen,BULLEEN,2036,1548,1.315245478
Bullengarook,BULLENGAROOK,7,264,0.026515152
Bullengarook,(blank),7,264,0.026515152
Buln Buln,BULN BULN,9,250,0.036
Bunbartha,BUNBARTHA,0,150,0
Bundalong,BUNDALONG,3,191,0.015706806
Bundoora,BUNDOORA,4403,5044,0.872918319
Bundoora,KINGSBURY,4403,5044,0.872918319
Bungalally,HORSHAM,0,40,0
Bungaree,BUNGAREE,0,102,0
Buninyong,BUNINYONG,28,1532,0.018276762
Bunyip,BUNYIP,0,1107,0
Burnley,BURNLEY,26,215,0.120930233
Burnley,RICHMOND,26,215,0.120930233
Burnside Heights,BURNSIDE HEIGHTS,374,717,0.521617852
Burrumbeet,BURRUMBEET,0,87,0
Burwood,ASHWOOD,4156,2692,1.543833581
Burwood,BENNETTSWOOD,4156,2692,1.543833581
Burwood,BURWOOD,4156,2692,1.543833581
Burwood,BURWOOD EAST,4156,2692,1.543833581
Burwood,SURREY HILLS,4156,2692,1.543833581
Burwood East,ASHWOOD,2739,1697,1.61402475
Burwood East,BURWOOD EAST,2739,1697,1.61402475
Burwood East,VERMONT SOUTH,2739,1697,1.61402475
Bushfield,WOODFORD,0,275,0
Buxton,BUXTON,0,184,0
Buxton,(blank),0,184,0
Byaduk,BYADUK,0,50,0
Byawatha,BYAWARTHA,4,76,0.052631579
Cabarita,MERBEIN,0,235,0
Cairnlea,CAIRNLEA,1201,778,1.543701799
California Gully,CALIFORNIA GULLY,46,1959,0.023481368
Calivil,CALIVIL,0,75,0
Callignee,COLLIGNEE,0,148,0
Camberwell,BURWOOD,2680,5725,0.468122271
Camberwell,CAMBERWELL,2680,5725,0.468122271
Campbellfield,CAMPBELLFIELD,45,504,0.089285714
Campbells Bridge,CAMPBELLS BRIDGE,0,7,0
Campbells Creek,CAMPBELLS CREEK,26,779,0.033376123
Campbells Forest,BAGSHOT,0,21,0
Camperdown,CAMPERDOWN,12,1491,0.00804829
Canadian,BALLARAT EAST,138,1332,0.103603604
Caniambo,CANIAMBO,0,42,0
Cann River,CANN RIVER,0,95,0
Cann River,NOORINBEE,0,95,0
Canterbury,CANTERBURY,1267,2236,0.566636852
Cape Bridgewater,CAPE BRIDGEWATER,0,47,0
Cape Bridgewater,TARRAGAL,0,47,0
Cape Clear,CAPE CLEAR,0,62,0
Cape Paterson,CAPE PATERSON,10,329,0.030395137
Cape Schanck,CAPE SCHANCK,0,165,0
Cape Schanck,CAPE SCHANK,0,165,0
Cape Woolamai,CAPE WOOLAMAI,10,728,0.013736264
Caramut,CARAMUT,3,126,0.023809524
Carboor,CARBOOR,0,44,0
Cardinia,CARDINIA,0,163,0
Cardross,CARDROSS,10,392,0.025510204
Carisbrook,CARISBROOK,11,557,0.019748654
Carlisle River,CARLISLE RIVER,0,53,0
Carlton,CARLTON,6904,1697,4.068355922
Carlton,MELBOURNE,6904,1697,4.068355922
Carlton North,PARKVILLE,252,1569,0.160611855
Carnegie,CARNEGIE,2522,3514,0.717700626
Carnegie,CARNEGIE  ,2522,3514,0.717700626
Caroline Springs,CAROLINE SPRINGS,1190,3911,0.304270008
Carranballac,CARRANBALLAC,0,11,0
Carrum,CARRUM,71,1327,0.053504145
Carrum Downs,CARRUM DOWNS,328,7035,0.046624023
Carrum Downs,PATTERSON LAKES,328,7035,0.046624023
Cashmore,CASHMORE,0,109,0
Casterton,CASTERTON,4,685,0.005839416
Castlemaine,CASTLEMAINE,66,2527,0.026117926
Castlemaine,(blank),66,2527,0.026117926
Catani,CATANI,0,102,0
Cathcart,CATHCART,0,46,0
Caulfield,CAULFIELD,301,1098,0.274134791
Caulfield East,CAULFIELD,489,263,1.859315589
Caulfield East,CAULFIELD EAST,489,263,1.859315589
Caulfield East,GLEN HUNTLY,489,263,1.859315589
Caulfield North,CAULFIELD,798,3675,0.217142857
Caulfield North,CAULFIELD NORTH,798,3675,0.217142857
Caulfield South,CAULFIELD,553,2838,0.194855532
Caulfield South,CAULFIELD SOUTH,553,2838,0.194855532
Caulfield South,CAULFIELD SOUTH  ,553,2838,0.194855532
Cavendish,CAVENDISH,0,152,0
Ceres,CERES,0,96,0
Chadstone,CHADSTONE,1723,1322,1.30332829
Charlton,CHARLTON,11,467,0.023554604
Chelsea,CHELSEA,181,2319,0.078050884
Chelsea Heights,CHELSEA HEIGHTS,187,1756,0.106492027
Cheltenham,CHELTENHAM,1176,6532,0.180036742
Cheltenham,HEATHERTON,1176,6532,0.180036742
Cheltenham,HIGHETT,1176,6532,0.180036742
Cheltenham,SANDRINGHAM,1176,6532,0.180036742
Chewton,CASTLEMAINE,0,218,0
Chewton,CHEWTON,0,218,0
Chiltern,CHILTERN,6,691,0.008683068
Chiltern,RUTHERGLEN,6,691,0.008683068
Chirnside Park,CHIRNSIDE PARK,234,3618,0.064676617
Chirnside Park,LILYDALE,234,3618,0.064676617
Christmas Hills,CHRISTMAS HILLS,4,134,0.029850746
Churchill,CHURCHILL,105,1846,0.05687974
Clarendon,CLARENDON,0,46,0
Clarinda,CLARINDA,917,914,1.003282276
Clarkefield,CLARKEFIELD,0,113,0
Clarkefield,RIDDELLS CREEK,0,113,0
Clayton,CLAYTON,7187,1560,4.607051282
Clayton,HUNTINGDALE,7187,1560,4.607051282
Clayton South,CLAYTON,2267,945,2.398941799
Clayton South,CLAYTON SOUTH,2267,945,2.398941799
Clifton Hill,CLIFTON HILL,205,1808,0.113384956
Clifton Hill,FAIRFIELD,205,1808,0.113384956
Clifton Springs,CLIFTON SPRINGS,31,2845,0.010896309
Clunes,CLUNES,14,706,0.019830028
Clyde,CLYDE,36,631,0.057052298
Clyde North,CLYDE NORTH,263,1720,0.152906977
Clydebank,CLYDEBANK,0,48,0
Cobden,COBDEN,6,917,0.006543075
Cobram,COBRAM,60,2150,0.027906977
Cobram East,COBRAM,0,112,0
Cobrico,COBRICO,0,29,0
Coburg,COBURG,933,5494,0.169821624
Coburg,COBURG WEST,933,5494,0.169821624
Coburg North,COBURG,429,1491,0.287726358
Coburg North,COBURG NORTH,429,1491,0.287726358
Cockatoo,COCKATOO,26,1889,0.013763896
Cohuna,COHUNA,3,1115,0.002690583
Colac,COLAC,84,3840,0.021875
Colac East,COLAC,0,116,0
Colbinabbin,COLBINABBIN,0,136,0
Coldstream,COLDSTREAM,17,934,0.018201285
Coleraine,COLERAINE,5,426,0.011737089
Coleraine,WOOTONG VALE,5,426,0.011737089
Colignan,COLIGNAN,28,112,0.25
Collingwood,COLLINGWOOD,612,1716,0.356643357
Concongella,STAWELL,0,74,0
Congupna,CONGUPNA,0,295,0
Connewarre,BARWON HEADS,0,295,0
Connewarre,CONNEWARRE,0,295,0
Connewirricoo,CONNEWIRRICOO,0,10,0
Coolaroo,COOLAROO,24,618,0.038834951
Cooma,COOMA,0,48,0
Cora Lynn,CORA LYNN,0,104,0
Cora Lynn,CORA LYNNE,0,104,0
Cora Lynn,(blank),0,104,0
Corindhap,CORINDHAP,0,50,0
Corinella,CORINELLA,0,318,0
Corio,CORIO,237,5223,0.045376221
Corndale,KILLARA,0,22,0
Coronet Bay,CORONET BAY,0,288,0
Cororooke,COROROOKE,0,133,0
Corryong,CORRYONG,8,523,0.015296367
Cosgrove,COSGROVE,0,22,0
Cowes,COWES,56,1751,0.031981725
Cowwarr,COWWARR,4,156,0.025641026
Craigieburn,CRAIGIEBURN,796,9224,0.086296618
Craigieburn,DONNYBROOK,796,9224,0.086296618
Cranbourne,CRANBOURNE,351,5889,0.059602649
Cranbourne East,CARNBOURNE EAST,451,3937,0.114554229
Cranbourne East,CRANBOURNE,451,3937,0.114554229
Cranbourne East,CRANBOURNE EAST,451,3937,0.114554229
Cranbourne North,CRANBOURNE NORTH,570,5073,0.112359551
Cranbourne South,CRANBOURNE SOUTH,10,689,0.014513788
Cranbourne West,CRANBOURNE,367,3748,0.09791889
Cremorne,RICHMOND,49,576,0.085069444
Creswick,CRESWICK,18,1210,0.014876033
Creswick,CRESWICK  ,18,1210,0.014876033
Crib Point,CRIB POINT,20,1466,0.013642565
Croydon,CROYDON,1149,9115,0.126055952
Croydon,CROYDON SOUTH,1149,9115,0.126055952
Croydon Hills,CROYDON HILLS,211,1893,0.111463286
Croydon North,CROYDON,311,2738,0.11358656
Croydon North,CROYDON NORTH,311,2738,0.11358656
Croydon South,CROYDON SOUTH,182,1802,0.10099889
Cudgewa,CUDGEWA,0,119,0
Culgoa,CULGOA,0,41,0
Cullulleraine,CULLULLERAINE,0,38,0
Curlewis,DRYSDALE,21,630,0.033333333
Daisy Hill,DAISY HILL,4,176,0.022727273
Dallas,BROADMEADOWS,55,793,0.069356873
Dallas,DALLAS,55,793,0.069356873
Dandenong,DANDENONG,1334,2572,0.518662519
Dandenong North,DANDENONG,1160,3001,0.386537821
Dandenong North,DANDENONG NORTH,1160,3001,0.386537821
Dandenong North,NOBLE PARK NORTH,1160,3001,0.386537821
Dandenong South,BANGHOLME,0,42,0
Dandenong South,DANDENONG SOUTH,0,42,0
Darley,BACCHUS MARSH,62,3398,0.018246027
Darley,DARLEY,62,3398,0.018246027
Darnum,DARNUM,3,316,0.009493671
Darnum,SHADY CREEK,3,316,0.009493671
Dartmoor,DARTMOOR,0,135,0
Dartmouth,DARTMOUTH,0,32,0
Daylesford,DAYLESFORD,19,886,0.021444695
Daylesford,DAYLESFORD  ,19,886,0.021444695
Dean,DEAN  ,0,71,0
Deans Marsh,DEANS MARSH,0,98,0
Dederang,DEDERANG,0,67,0
Deepdene,BALWYN,434,513,0.846003899
Deer Park,DEER PARK,1172,2218,0.528403968
Delacombe,DELACOMBE,68,2698,0.025203855
Delahey,DELAHEY,560,999,0.560560561
Dennington,DENNINGTON,16,842,0.019002375
Dennington,WARRNAMBOOL,16,842,0.019002375
Dergholm,DERGHOLM,0,19,0
Derrimut,DERRIMUT,798,942,0.847133758
Derrinallum,DERRINALLUM,3,195,0.015384615
Devenish,DEVENISH,0,96,0
Devon Meadows,DEAVON MEADOWS,20,604,0.033112583
Dhurringile,DHURRINGILE,0,69,0
Diamond Creek,DIAMOND CREEK,143,4439,0.032214463
Digby,DIGBY,0,69,0
Diggers Rest,DIGGERS REST,21,972,0.021604938
Dimboola,DIMBOOLA,15,725,0.020689655
Dingee,DINGEE,0,78,0
Dingley Village,ARMADALE,481,3200,0.1503125
Dingley Village,DINGLEY VILLAGE,481,3200,0.1503125
Dingley Village,FITZROY,481,3200,0.1503125
Dingley Village,GLEN IRIS,481,3200,0.1503125
Dixons Creek,DIXONS CREEK,9,148,0.060810811
Docklands,DOCKLANDS,2760,1070,2.579439252
Docklands,MELBOURNE,2760,1070,2.579439252
Donald,DONALD,10,615,0.016260163
Doncaster,DONCASTER,6688,2603,2.569343066
Doncaster East,DONVALE,9394,4087,2.298507463
Doncaster East,EAST DONCASTER,9394,4087,2.298507463
Donvale,DONVALE,1982,3024,0.65542328
Donvale,SPRINGVALE,1982,3024,0.65542328
Dooen,HORSHAM,3,131,0.022900763
Dookie,DOOKIE,6,140,0.042857143
Doreen,DOREEN,219,7931,0.027613164
Douglas,DOUGLAS,0,27,0
Doveton,DOVETON,322,1473,0.218601494
Doveton,EUMEMMERRING,322,1473,0.218601494
Dromana,DROMANA,35,2061,0.016982048
Drouin,DROUIN,85,5187,0.016387122
Drouin West,DROUIN WEST,4,144,0.027777778
Drumborg,DRUMBORG,0,63,0
Drumcondra,DRUMCONDRA,0,171,0
Drung,DRUNG,0,69,0
Drung,HORSHAM,0,69,0
Drysdale,DRYSDALE,19,1761,0.010789324
Dumbalk,DUMBALK,0,201,0
Dumbalk North,DUMBALK NORTH,0,47,0
Dunkeld,DUNKELD,0,277,0
Dunluce,DUNLUCE,0,25,0
Dunnstown,DUNNSTOWN,0,78,0
Dunnstown,DUNSTOWN,0,78,0
Dunolly,DUNOLLY,6,356,0.016853933
Eagle Point,EAGLE POINT,16,378,0.042328042
Eaglehawk,EAGLEHAWK,65,2423,0.026826248
East Bairnsdale,BAIRNSDALE,9,582,0.015463918
East Bendigo,BENDIGO,21,775,0.027096774
East Bendigo,BENDIGO EAST,21,775,0.027096774
East Geelong,EAST GEELONG,25,1388,0.018011527
East Geelong,GEELONG,25,1388,0.018011527
East Melbourne,RICHMOND,275,1209,0.227460711
Echuca,ECHUCA,75,6153,0.012189176
Echuca Village,ECHUCA,3,242,0.012396694
Ecklin South,ECKLIN SOUTH,0,93,0
Edenhope,EDENHOPE,0,437,0
Edi Upper,EDI UPPER,0,28,0
Edithvale,CHELSEA HEIGHTS,130,2023,0.064260999
Edithvale,EDITHVALE,130,2023,0.064260999
Eildon,EILDON,5,345,0.014492754
Elaine,ELAINE,0,102,0
Eldorado,ELDORADO,0,132,0
Elliminyt,ELLIMINYT,23,1252,0.018370607
Ellinbank,ELLINBANK,0,115,0
Elmhurst,ELMHURST,0,60,0
Elmore,ELMORE,4,313,0.012779553
Elphinstone,ELPHINSTONE,0,189,0
Elsternwick,ELSTERNWICK,357,2877,0.124087591
Eltham,ELTHAM,466,6352,0.07336272
Eltham North,ELTHAM NORTH,181,2429,0.074516262
Elwood,ELWOOD,347,4011,0.086512092
Emerald,AVONSLEIGH,38,2197,0.017296313
Emerald,EMERALD,38,2197,0.017296313
Endeavour Hills,ENDEAVOUR HILLS,2000,3532,0.566251416
Enfield,ENFIELD,5,229,0.021834061
Ensay,ENSAY,0,40,0
Eppalock,KIMBOLTON,6,322,0.01863354
Epping,EPPING,1279,5542,0.230783111
Erica,(blank),0,66,0
Eskdale,ESKDALE,0,105,0
Essendon,ESSENDON,794,5075,0.156453202
Essendon,NORTH ESSENDON,794,5075,0.156453202
Essendon North,NIDDRIE,96,675,0.142222222
Essendon North,NORTH ESSENDON,96,675,0.142222222
Essendon West,ESSENDON,72,401,0.179551122
Eumemmerring,EUMEMMERRING,60,310,0.193548387
Eureka,BALLARAT,8,234,0.034188034
Euroa,EUROA,19,1326,0.014328808
Everton,EVERTON,0,88,0
Everton Upper,EVERTON,3,53,0.056603774
Eynesbury,EYNESBURY,24,1124,0.021352313
Fairfield,ABBOTSFORD,254,1701,0.149323927
Fairfield,FAIRFIELD,254,1701,0.149323927
Fairhaven,FAIRHAVEN,0,132,0
Fairy Dell (Campaspe - Vic.),ROCHESTER,0,39,0
Fawkner,FAWKNER,195,1571,0.124124761
Ferguson,FERGUSON,0,10,0
Ferntree Gully,FERNTREE GULLY,1429,9251,0.154469787
Fingal,BONEO,4,220,0.018181818
Fingal,FINGAL,4,220,0.018181818
Fingal,ST ANDREWS BEACH,4,220,0.018181818
Fish Creek,FISH CREEK,3,342,0.00877193
Fitzroy,FITZROY,685,2203,0.310939628
Fitzroy North,FITZROY,418,3159,0.132320355
Fitzroy North,FITZROY NORTH,418,3159,0.132320355
Flemington,FLEMINGTON,625,1432,0.436452514
Flinders,FLINDERS,4,337,0.011869436
Flora Hill,BENDIGO,94,1548,0.060723514
Flora Hill,FLORA HILL,94,1548,0.060723514
Flowerdale,FLOWERDALE,0,269,0
Flynn,FLYNN,0,95,0
Footscray,FOOTSCRAY,1621,2595,0.624662813
Footscray,MARIBYRNONG,1621,2595,0.624662813
Footscray,WEST FOOTSCRAY,1621,2595,0.624662813
Footscray,YARRAVILLE,1621,2595,0.624662813
Forest Hill,FOREST HILL,2305,2543,0.906409752
Forrest,FORREST,0,74,0
Forrest,(blank),0,74,0
Foster,FOSTER,9,755,0.01192053
Framlingham East,FRAMLINGHAM EAST,0,6,0
Frankston,FRANKSTON,876,12149,0.0721047
Frankston,TOORAK,876,12149,0.0721047
Frankston North,FRANKSTON,88,2040,0.043137255
Frankston North,FRANKSTON NORTH,88,2040,0.043137255
Frankston South,FRANKSTON SOUTH,274,6474,0.042323139
Frankston South,FRANSKTON SOUTH,274,6474,0.042323139
Freshwater Creek,FRESHWATER CREEK,0,157,0
Fyans Creek,HALLS GAP,0,21,0
Gannawarra,GANNAWARRA,0,47,0
Gapsted,GAPSTED,0,62,0
Garfield,GARFIELD,4,856,0.004672897
Garfield North,GARFIELD NORTH,0,72,0
Geelong,GEELONG,203,1416,0.143361582
Geelong,SOUTH GEELONG,203,1416,0.143361582
Geelong West,GEELONG WEST,225,2232,0.100806452
Gellibrand,GELLIBRAND,0,56,0
Gembrook,GEMBROOK,12,957,0.012539185
Gerangamete,GERANGAMETE,0,58,0
Gheringhap,GHERINGHAP,0,46,0
Girgarre,GIRGARRE,0,264,0
Gisborne,GISBORNE,100,3538,0.028264556
Gisborne South,GISBORNE,3,326,0.009202454
Gisborne South,GISBORNE SOUTH,3,326,0.009202454
Gladstone Park,BROADMEADOWS,173,1834,0.094329335
Gladstone Park,GLADSTONE PARK,173,1834,0.094329335
Gladstone Park,JACANA,173,1834,0.094329335
Gladysdale,GLADYSDALE,5,183,0.027322404
Glen Alvie,GLEN ALVIE,0,85,0
Glen Forbes,GLEN FORBES,3,36,0.083333333
Glen Huntly,GLEN HUNTLY,710,694,1.023054755
Glen Iris,BURWOOD,2381,7331,0.324785159
Glen Iris,GLEN IRIS,2381,7331,0.324785159
Glen Iris,HAWTHORN,2381,7331,0.324785159
Glen Iris,MALVERN,2381,7331,0.324785159
Glen Waverley,GLEN WAVERLEY,13676,5366,2.548639583
Glen Waverley,WHEELERS HILL,13676,5366,2.548639583
Glenaladale,FERNBANK,0,25,0
Glenaladale,GLENALADALE,0,25,0
Glengarry,GLENGARRY,3,561,0.005347594
Glenlyon,GLENLYON,15,103,0.145631068
Glenorchy,GLENORCHY,0,39,0
Glenrowan,GLENROWAN,9,417,0.021582734
Glenroy,GLENROY,781,3526,0.221497448
Glenthompson,GLENTHOMPSON,0,79,0
Gnarwarre,GNARWARRE,0,111,0
Gobur,GOBUR,0,30,0
Golden Beach,GOLDEN BEACH,0,111,0
Golden Point (Ballarat - Vic.),BALLARAT,39,706,0.055240793
Golden Square,BENDIGO,84,3529,0.023802777
Golden Square,GOLDEN SQUARE,84,3529,0.023802777
Goorambat,GOORAMBAT,0,152,0
Goornong,GOORNONG,5,310,0.016129032
Gordon,GORDON,11,443,0.0248307
Gormandale,GORMANDALE,0,170,0
Goroke,GOROKE,0,147,0
Gowanbrae,GOWANBRAE,94,675,0.139259259
Gower,CASTLEMAINE,4,22,0.181818182
Gower,MALDON,4,22,0.181818182
Grantville,GRANTVILLE,0,319,0
Great Western,ARARAT,0,159,0
Great Western,GREAT WESTERN,0,159,0
Greendale,GREENDALE,0,266,0
Greensborough,ELTHAM NORTH,854,6698,0.127500746
Greensborough,GREENSBOROUGH,854,6698,0.127500746
Greensborough,GREENSBOROUGH  ,854,6698,0.127500746
Greensborough,MONTMORENCY,854,6698,0.127500746
Greenvale,GREENVALE,235,2677,0.087784834
Grenville,GRENVILLE,0,42,0
Greta South,GRETA,0,57,0
Greta South,GRETA SOUTH,0,57,0
Grovedale,GROVEDALE,315,5673,0.055526177
Grovedale,MARSHALL,315,5673,0.055526177
Gruyere,GRUYERE,9,387,0.023255814
Guildford,GUILDFORD,3,121,0.024793388
Gunbower,GUNBOWER,0,251,0
Gundowring,GUNDOWRING,4,85,0.047058824
Guys Hill,GUYS HILL,5,151,0.033112583
Haddon,HADDON,3,574,0.005226481
Hadfield,HADFIELD,62,1096,0.056569343
Hallam,HALLAM,487,1590,0.306289308
Hallam,KILSYTH,487,1590,0.306289308
Hallora,HALLORA,0,63,0
Halls Gap,HALLS GAP,8,174,0.045977011
Hamilton,HAMILTON,85,4355,0.019517796
Hamlyn Heights,HAMLYN HEIGHTS,32,2100,0.015238095
Hamlyn Heights,MANIFOLD HEIGHTS,32,2100,0.015238095
Hampton,BRIGHTON,353,4135,0.085368803
Hampton,HAMPTON,353,4135,0.085368803
Hampton,(blank),353,4135,0.085368803
Hampton East,HAMPTON EAST,213,1204,0.176910299
Hampton Park,HAMPTON PARK,1108,3806,0.291119285
Hansonville,GRETA,0,59,0
Hansonville,HANSNVILLE,0,59,0
Harcourt,HARCOURT,11,381,0.028871391
Harcourt North,HARCOURT,0,128,0
Harkaway,HARKAWAY,11,310,0.035483871
Harrietville,HARRIETVILLE,3,125,0.024
Harrow,HARROW,0,81,0
Hastings,HASTINGS,86,3830,0.022454308
Hastings,TYABB,86,3830,0.022454308
Haven,HAVEN,0,546,0
Haven,HORSHAM,0,546,0
Hawkesdale,HAWKESDALE,3,148,0.02027027
Hawthorn,HAWTHORN,2344,5722,0.409646977
Hawthorn,HAWTHORN EAST,2344,5722,0.409646977
Hawthorn East,CAMBERWELL,1630,3661,0.445233543
Hawthorn East,HAWTHORN,1630,3661,0.445233543
Hawthorn East,HAWTHORN EAST,1630,3661,0.445233543
Healesville,HEALESVILLE,56,3053,0.018342614
Heathcote,HEATHCOTE,20,1119,0.017873101
Heatherton,HEATHERTON,310,666,0.465465465
Heathmere,HEATHMERE,0,123,0
Heathmont,HEATHMONT,528,3431,0.153890994
Heidelberg,HEIDELBERG,391,1688,0.231635071
Heidelberg Heights,HEIDELBERG HEIGHTS,371,1496,0.247994652
Heidelberg West,WEST HEIDELBERG,346,1235,0.280161943
Hensley Park,HAMILTON,0,24,0
Hepburn,HEPBURN SPRINGS,3,230,0.013043478
Hepburn,HEPBURN SPRINGS  ,3,230,0.013043478
Herne Hill,HERNE HILL,36,1437,0.025052192
Hexham,HEXHAM,0,70,0
Heyfield,HEYFIELD,11,913,0.012048193
Heywood,HEYWOOD,0,802,0
Highett,HIGHETT,468,3121,0.149951938
Highett,(blank),468,3121,0.149951938
Highton,HIGHTON,596,6360,0.093710692
Highton,WAURN PONDS,596,6360,0.093710692
Hillside (Melton - Vic.),HILLSIDE,413,3502,0.11793261
Hmas Cerberus,CRIB POINT,10,515,0.019417476
Hmas Cerberus,HMAS CERBERUS,10,515,0.019417476
Hoddles Creek,HODDLES CREEK,0,258,0
Hopetoun,HOPETOUN,0,342,0
Hoppers Crossing,HOPPERS CROSSING,1337,9359,0.142857143
Hoppers Crossing,WERRIBEE,1337,9359,0.142857143
Horsham,HORSHAM,116,5838,0.019869818
Horsham,STAWELL,116,5838,0.019869818
Hughesdale,OAKLEIGH,948,1540,0.615584416
Humevale,HUMEVALE,0,95,0
Huntly,HUNTLY,33,1189,0.027754415
Huntly North,HUNTLY,0,27,0
Huntly North,HUNTLY NORTH,0,27,0
Hurstbridge,HURSTBRIDGE,26,1410,0.018439716
Hurstbridge,HURSTBRIDGE  ,26,1410,0.018439716
Indented Head,INDENTED HEAD,8,395,0.020253165
Inglewood,INGLEWOOD,4,390,0.01025641
Invergordon,INVERGORDON,0,275,0
Inverleigh,INVERLEIGH,6,697,0.008608321
Inverloch,INVERLOCH,29,2179,0.013308857
Invermay,INVERMAY,3,372,0.008064516
Invermay,MT ROWAN,3,372,0.008064516
Invermay Park,BALLARAT,3,782,0.003836317
Ironbark,BENDIGO,24,414,0.057971014
Ironbark,IRONBARK,24,414,0.057971014
Irrewarra,IRREWARRA,0,165,0
Irrewillipe,IRREWILLIPE,0,71,0
Irymple,IRYMPLE,44,2256,0.019503546
Irymple,MILDURA,44,2256,0.019503546
Irymple,RED CLIFFS,44,2256,0.019503546
Ivanhoe,EAST IVANHOE VIC,974,3064,0.317885117
Ivanhoe,HEIDELBERG,974,3064,0.317885117
Ivanhoe,IVANHOE,974,3064,0.317885117
Ivanhoe,IVANHOE EAST,974,3064,0.317885117
Ivanhoe East,IVANHOE,221,1039,0.212704524
Jan Juc,JAN JUC,38,1413,0.026893135
Jan Juc,TORQUAY,38,1413,0.026893135
Jarklin,JARKLIN,0,3,0
Jeparit,JEPARIT,0,190,0
Jindivick,DROUIN WEST,0,201,0
Jindivick,JINDIVICK,0,201,0
Johanna,JOHANNA,0,22,0
Junction Village,JUNCTION VILLAGE,3,352,0.008522727
Kaarimba,KAARIMBA,0,31,0
Kalimna West,LAKES ENTRANCE,0,49,0
Kalkee,HORSHAM,0,35,0
Kalorama,KALORAMA,9,452,0.019911504
Kangaroo Flat,KANGAROO FLAT,126,4180,0.030143541
Kangaroo Ground,KANGAROO GROUND,18,447,0.040268456
Kaniva,KANIVA,0,387,0
Karramomus,KARRAMOMUS,0,17,0
Katamatite,KATAMATITE,3,173,0.01734104
Katandra West,KATANDRA WEST,0,195,0
Katunga,KATUNGA,13,492,0.026422764
Katunga,MUCKATAH,13,492,0.026422764
Kawarren,KAWARREN,0,63,0
Kealba,KEALBA,127,533,0.238273921
Kealba,KELBA,127,533,0.238273921
Keilor,KEILOR,128,1542,0.083009079
Keilor Downs,KEILOR,354,1464,0.241803279
Keilor Downs,KEILOR DOWNS,354,1464,0.241803279
Keilor Downs,ST ALBANS,354,1464,0.241803279
Keilor Downs,TAYLORS LAKES,354,1464,0.241803279
Keilor East,EAST KEILOR,638,3081,0.207075625
Keilor East,KEILOR,638,3081,0.207075625
Keilor East,KEILOR EAST,638,3081,0.207075625
Keilor North,KEILOR,0,4,0
Keilor Park,KEILOR PARK,45,550,0.081818182
Kennett River,KENNETT RIVER,0,16,0
Kennington,BENDIGO,145,2028,0.071499014
Kennington,KENNINGTON,145,2028,0.071499014
Kennington,STRATHDALE,145,2028,0.071499014
Kensington,FLEMINGTON,1124,2528,0.444620253
Kensington,KENSINGTON,1124,2528,0.444620253
Kensington,SOUTH KENSINGTON,1124,2528,0.444620253
Kerang,KERANG,11,1739,0.006325474
Kernot,KERNOT,0,49,0
Kew,KEW,3390,5979,0.566984446
Kew,RICHMOND,3390,5979,0.566984446
Kew East,KEW EAST,733,1613,0.454432734
Keysborough,KEYSBOROUGH,4584,2957,1.550219817
Kialla,KIALLA,75,2488,0.030144695
Kialla West,KIALLA WEST,0,207,0
Kiewa,KIEWA,0,236,0
Killarney,KILLARNEY,0,62,0
Killawarra,KILLAWARRA,3,186,0.016129032
Killawarra,WANGARATTA,3,186,0.016129032
Kilmany,KILMANY,0,91,0
Kilmore,KILMORE,139,3330,0.041741742
Kilmore East,KILMORE EAST,0,163,0
Kilsyth,BAYSWATER NORTH,159,4060,0.039162562
Kilsyth,KILSYTH,159,4060,0.039162562
Kilsyth South,KILSYTH,40,1262,0.031695721
Kinglake,KINGLAKE,0,647,0
Kinglake Central,KINGLAKE,4,143,0.027972028
Kinglake Central,(blank),4,143,0.027972028
Kinglake West,KINGLAKE WEST,0,487,0
Kingower,KINGOWER,0,12,0
Kings Park,ST ALBANS,558,812,0.687192118
Kingsbury,KINGSBURY,523,530,0.986792453
Kingsbury,RESERVOIR,523,530,0.986792453
Kingston,KINGSTON,0,73,0
Knowsley,KNOWSLEY,0,61,0
Knoxfield,KNOXFIELD,1042,2174,0.479300828
Knoxfield,WANTIRNA SOUTH,1042,2174,0.479300828
Kongwak,KONGWAK,3,92,0.032608696
Koo Wee Rup,KOO WEE RUP,12,1573,0.007628735
Koondrook,KOONDROOK,6,455,0.013186813
Koonoomoo,KOONOOMOO,0,122,0
Koonwarra,KOONWARRA,0,174,0
Koorlong,KOORLONG,4,152,0.026315789
Koorooman,LEONGATHA,0,52,0
Kooyong,KOOYONG,73,225,0.324444444
Koroit,KORIOT,3,842,0.003562945
Korong Vale,KORONG VALE,0,77,0
Korumburra,KORUMBURRA,35,1886,0.018557794
Korumburra South,KORUMBURRA,0,40,0
Koyuga,KOYUGA,0,160,0
Koyuga,KYOUGA,0,160,0
Kurunjang,MELTON,132,3369,0.039180766
Kyabram,KYABRAM,35,3256,0.010749386
Kyabram,KYBRAM,35,3256,0.010749386
Kyneton,KYNETON,77,2770,0.027797834
Kyvalley,KY VALLEY,4,169,0.023668639
Laharum,LAHARUM,0,95,0
Lake Boga,LAKE BOGA,0,391,0
Lake Bolac,LAKE BOLAC,0,126,0
Lake Charm,LAKE CHARM,0,63,0
Lake Fyans,POMONAL,0,17,0
Lake Gardens,BALLARAT,46,571,0.08056042
Lake Gardens,LAKE GARDENS,46,571,0.08056042
Lake Meran,LAKE MERAN,0,11,0
Lake Wendouree,BALLARAT,42,1022,0.04109589
Lake Wendouree,WENDOUREE,42,1022,0.04109589
Lakes Entrance,LAKES ENTRANCE,56,1908,0.029350105
Lalbert,LALBERT,0,76,0
Lalor,LALOR,852,2420,0.352066116
Lalor,THOMASTOWN,852,2420,0.352066116
Lancaster,LANCASTER,0,150,0
Lancefield,LANCEFIELD,14,1079,0.012974977
Landsborough,LANDSBOROUGH,0,44,0
Lang Lang,LANG LANG,3,768,0.00390625
Langwarrin,DOCKLANDS,202,9195,0.021968461
Langwarrin,LANGWARRIN,202,9195,0.021968461
Langwarrin South,LANGWARRIN,16,457,0.035010941
Lara,LARA,121,6038,0.020039748
Lara,NORTH GEELONG,121,6038,0.020039748
Lardner,LARDNER,0,57,0
Larpent,LARPENT,0,101,0
Launching Place,LAUCHING PLACE,15,1089,0.013774105
Launching Place,YARRA JUNCTION,15,1089,0.013774105
Lavers Hill,LAVERS HILL,0,39,0
Laverton,LAVERTON,215,817,0.263157895
Laverton North,LAVERTON NORTH,0,9,0
Learmonth,LEARMONTH,0,200,0
Leichardt,LEICHARDT,0,53,0
Leitchville,LEITCHVILLE,0,270,0
Lemnos,LEMNOS,5,76,0.065789474
Leongatha,LEONGATHA,44,2474,0.017784964
Leongatha North,LEONGATHA NORTH,4,57,0.070175439
Leongatha South,LEONGATHA,0,269,0
Leopold,LEOPOLD,101,5023,0.020107505
Lethbridge,LETHBRIDGE,3,392,0.007653061
Lexton,LEXTON,0,91,0
Lillico,LILLICO,0,33,0
Lilydale,LILYDALE,177,6695,0.02643764
Lindenow,LINDENOW,4,203,0.019704433
Lindenow South,LINDENOW SOUTH,7,196,0.035714286
Linton,LINTON,3,218,0.013761468
Lismore,LISMORE,0,154,0
Little River,CORIO,23,497,0.046277666
Little River,LITTLE RIVER,23,497,0.046277666
Little River,(blank),23,497,0.046277666
Loch,LOCH,3,284,0.01056338
Loch Sport,LOCH SPORT,4,246,0.016260163
Lockington,LOCKINGTON,0,391,0
Lockwood,LOCKWOOD,7,384,0.018229167
Lockwood South,LOCKWOOD SOUTH,7,466,0.015021459
Long Gully,LONG GULLY,22,1459,0.015078821
Longford,LONGFORD,8,632,0.012658228
Longlea,LONGLEA,4,218,0.018348624
Longwarry,LONGWARRY,7,910,0.007692308
Longwood,LONGWOOD,3,110,0.027272727
Lorne,LORNE,6,361,0.016620499
Lovely Banks,CORIO,31,665,0.046616541
Lower Plenty,LOWER PLENTY,134,1332,0.100600601
Loy Yang,TRARALGON SOUTH,0,0,0
Lubeck,LUBECK,0,10,0
Lucknow,BAIRNSDALE,6,548,0.010948905
Lucknow,BROADLANDS,6,548,0.010948905
Lucknow,LUCKNOW,6,548,0.010948905
Lynbrook,LYNBROOK,550,1202,0.457570715
Lysterfield,LYSTERFIELD,341,2292,0.14877836
Macarthur,MACARTHUR,0,246,0
Macclesfield,MACCLESFIELD,6,285,0.021052632
Macedon,MACEDON,8,834,0.009592326
Macleod,MACLEOD,710,2689,0.264038676
Macorna,MACORNA,0,48,0
Maddingley,BACCHUS MARSH,41,1430,0.028671329
Maffra,MAFFRA,33,2394,0.013784461
Magpie,MAGPIE,8,169,0.047337278
Maiden Gully,MAIDEN GULLY,42,2408,0.01744186
Maidstone,MAIDSTONE,1280,1244,1.028938907
Main Ridge,MAIN RIDGE,0,156,0
Major Plains,DOOKIE,0,16,0
Maldon,MALDON,4,590,0.006779661
Maldon,(blank),4,590,0.006779661
Mallacoota,MALLACOOTA,10,385,0.025974026
Malmsbury,MALMSBURY,3,372,0.008064516
Malvern,MALVERN,551,2982,0.184775319
Malvern East,CHADSTONE,2767,5611,0.493138478
Malvern East,EAST MALVERN,2767,5611,0.493138478
Malvern East,MALVERN EAST,2767,5611,0.493138478
Manangatang,MANANGATANG,0,128,0
Mandurang,MANDURANG SOUTH,7,296,0.023648649
Manifold Heights,HERNE HILL,35,903,0.03875969
Manifold Heights,MANIFOLD HEIGHTS,35,903,0.03875969
Mannibadar,MANNIBADAR,0,40,0
Mansfield,MANSFIELD,33,1953,0.016897081
Mansfield,MT BULLER,33,1953,0.016897081
Marcus Hill,MARCUS HILL,0,63,0
Mardan,MARDEN,0,70,0
Maribyrnong,MAIDSTONE,2033,1799,1.130072262
Maribyrnong,MARIBYRNONG,2033,1799,1.130072262
Markwood,MARKWOOD,0,99,0
Marlo,MARLO,25,213,0.117370892
Marnoo,MARNOO,0,43,0
Marong,MARONG,9,701,0.012838802
Maroona,MAROONA,0,34,0
Marraweeney,STRATHBOGIE,0,10,0
Maryborough,MARYBOROUGH,70,3559,0.019668446
Maryknoll,MARYKNOLL,0,250,0
Marysville,MARYSVILLE,14,135,0.103703704
Marysville,(blank),14,135,0.103703704
Maryvale,MARYVALE,0,13,0
Maude,MAUDE,0,75,0
Maude,SPRINGVALE,0,75,0
McCrae,MCCRAE,8,1085,0.007373272
Meadow Heights,MEADOW HEIGHTS,144,1642,0.087697929
Meeniyan,MEENIYAN,0,336,0
Melbourne,ALBERT PARK,17931,3338,5.371779509
Melbourne,ELSTERNWICK,17931,3338,5.371779509
Melbourne,FOREST HILL,17931,3338,5.371779509
Melbourne,FRANKSTON,17931,3338,5.371779509
Melbourne,MELBOURNE,17931,3338,5.371779509
Melbourne,PRAHRAN,17931,3338,5.371779509
Melbourne,RICHMOND,17931,3338,5.371779509
Melbourne,SOUTH YARRA,17931,3338,5.371779509
Melbourne Airport,TULLAMARINE,0,16,0
Melton,MELTON,138,2611,0.052853313
Melton South,MELTON,171,3708,0.046116505
Melton South,MELTON SOUTH,171,3708,0.046116505
Melton West,MELTON,199,5762,0.034536619
Melton West,MELTON WEST,199,5762,0.034536619
Mentone,MENTONE,609,3726,0.163446055
Menzies Creek,MENZIES CREEK,3,401,0.007481297
Merbein,MERBEIN,13,1138,0.01142355
Merbein South,(blank),0,215,0
Meredith,MEREDITH,0,333,0
Merino,MERINO,0,109,0
Mernda,MERNDA,493,4199,0.117408907
Merricks,MERRICKS,0,86,0
Merricks Beach,MERRICKS BEACH,0,49,0
Merrigum,MERRIGUM,3,285,0.010526316
Merrijig (Mansfield - Vic.),MERRIJIG,32,205,0.156097561
Merton,MERTON,0,52,0
Metcalfe,METCALFE,0,63,0
Metung,METUNG,5,496,0.010080645
Mia Mia,MIA MIA,0,76,0
Milawa,MILAWA,0,273,0
Mildura,MILDURA,447,11977,0.037321533
Mill Park,MILL PARK,1702,5741,0.296464031
Millgrove,MILLGROVE,12,707,0.016973126
Miners Rest,MINERS REST,23,1452,0.01584022
Minimay,MINIMAY,0,36,0
Mininera,MININERA,0,29,0
Minyip,MINYIP,0,195,0
Miram,KANIVA,0,19,0
Mirboo,MIRBOO,0,109,0
Mirboo North,MIRBOO NORTH,11,966,0.011387164
Mirranatwa,MIRRANATWA,0,7,0
Mitcham,MITCHAM,2477,4541,0.545474565
Mitiamo,MITIAMO,0,53,0
Mitre,NATIMUK,0,31,0
Mitta Mitta,MITTA MITTA,0,69,0
Modella,MODELLA,0,62,0
Modewarre,MODEWARRE,0,115,0
Moe,MOE,79,3529,0.022385945
Molesworth,MOLESWORTH,0,33,0
Moliagul,MOLIAGUL,3,25,0.12
Monbulk,MONBULK,36,1389,0.025917927
Mont Albert North,BOX HILL,975,1403,0.694939416
Mont Albert North,MONT ALBERT,975,1403,0.694939416
Mont Albert North,MONT ALBERT NORTH,975,1403,0.694939416
Montmorency,MONTMORENCY,209,3249,0.064327485
Montrose,MONTROSE,84,2602,0.032282859
Moolap,MOOLAP,11,458,0.024017467
Moolap,NEWCOMB,11,458,0.024017467
Moolap,WHITTINGTON,11,458,0.024017467
Moonambel,MOONAMBEL,0,64,0
Moonee Ponds,MOONEE PONDS,558,3562,0.156653565
Moorabbin,HEATHERTON,390,1406,0.277382646
Moorabbin,MOORABBIN,390,1406,0.277382646
Mooralla,MOORALLA,0,46,0
Moorooduc,MOOROODUC,11,441,0.024943311
Mooroolbark,KILSYTH,576,8306,0.06934746
Mooroolbark,MOOROOLBARK,576,8306,0.06934746
Mooroopna,MOOROOPNA,83,3174,0.026149968
Mooroopna North,MOOROOPNA,0,48,0
Mordialloc,MORDIALLOC,297,2442,0.121621622
Mordialloc,PARKDALE,297,2442,0.121621622
Moriac,MORIAC,0,382,0
Mornington,MORNINGTON,159,8393,0.018944358
Mortlake,MORTLAKE,3,574,0.005226481
Morwell,MORWELL,130,5020,0.025896414
Mount Beauty,MOUNT BEAUTY,8,368,0.02173913
Mount Beauty,(blank),8,368,0.02173913
Mount Buller,MANSFIELD,9,52,0.173076923
Mount Buller,(blank),9,52,0.173076923
Mount Clear,MOUNT CLEAR,128,1293,0.098994586
Mount Duneed,MOUNT DUNEED,21,607,0.034596376
Mount Duneed,MT DUNEED,21,607,0.034596376
Mount Egerton,MOUNT EGERTON,0,231,0
Mount Eliza,MOUNT ELIZA,387,6149,0.062937063
Mount Eliza,MT ELIZA,387,6149,0.062937063
Mount Evelyn,MOUNT EVELYN,67,3940,0.017005076
Mount Helen,BALLARAT,99,1213,0.081615829
Mount Helen,MOUNT HELEN,99,1213,0.081615829
Mount Macedon,MOUNT MACEDON,13,436,0.029816514
Mount Major,(blank),0,0,0
Mount Martha,MOUNT MARTHA,131,6724,0.019482451
Mount Moriac,MT MORIAC,0,102,0
Mount Pleasant,MOUNT PLEASANT,34,864,0.039351852
Mount Richmond,MOUNT RICHMOND,0,18,0
Mount Rowan,MOUNT ROWAN,6,117,0.051282051
Mount Toolebewong,HEALESVILLE,0,49,0
Mount Waverley,ASHWOOD,7514,6100,1.231803279
Mount Waverley,GLEN WAVERLEY,7514,6100,1.231803279
Mount Waverley,MOUNT WAVERLEY,7514,6100,1.231803279
Mount Waverley,MT WAVERLEY,7514,6100,1.231803279
Mount Waverley,OAKLEIGH,7514,6100,1.231803279
Moyhu,MOYHU,0,168,0
Moyston,MOYSTON,0,163,0
Muckleford,MUCKLEFORD,5,184,0.027173913
Muckleford South,MUCKLEFORD SOUTH,0,13,0
Mulgrave,MULGRAVE,3095,3099,0.998709261
Mulgrave,SPRINGVALE,3095,3099,0.998709261
Munro,STOCKDALE,0,67,0
Murchison,MURCHISON,3,350,0.008571429
Murchison East,MURCHISON,3,42,0.071428571
Murchison East,MURCHISON EAST,3,42,0.071428571
Murmungee,MURMUNGEE,0,16,0
Murrabit,MURRABIT,0,74,0
Murraydale,(blank),0,54,0
Murrayville,MURRAYVILLE,0,136,0
Murroon,PENNYROYAL,0,50,0
Murrumbeena,MURRUMBEENA,1036,2363,0.43842573
Murtoa,MURTOA,9,340,0.026470588
Myamyn,MYAMYN,0,36,0
Myrniong,MYRNIONG,0,178,0
Myrrhee,MYRRHEE,0,59,0
Myrtleford,MYRTLEFORD,21,1103,0.019038985
Mystic Park,COHUNA,0,96,0
Mystic Park,MYSTIC PARK,0,96,0
Nagambie,NAGAMBIE,14,777,0.018018018
Nandaly,NANDALY,0,14,0
Nangiloc,NANGILOC,0,57,0
Nanneella,NANNEELLA,0,163,0
Napoleons,NAPOLEONS,6,248,0.024193548
Nar Nar Goon,NAR NAR GOON,0,429,0
Nar Nar Goon North,NAR NAR GOON NORTH,4,319,0.012539185
Narre Warren,NARRE WARREN,1312,6497,0.201939357
Narre Warren East,NARRE WARREN EAST,16,148,0.108108108
Narre Warren North,NARRE WARREN NORTH,309,2051,0.150658216
Narre Warren North,(blank),309,2051,0.150658216
Narre Warren South,NARRE WARREN SOUTH,1163,7643,0.15216538
Narre Warren South,(blank),1163,7643,0.15216538
Nathalia,NATHALIA,3,864,0.003472222
Natimuk,NATIMUK,7,195,0.035897436
Natte Yallock,NATTE YALLOCK,0,46,0
Navarre,NAVARRE,0,34,0
Navigators,NAVIGATORS,3,105,0.028571429
Neerim,NEERIM,0,66,0
Neerim Junction,NEERIM JUNCTION,0,38,0
Neerim South,NEERIM SOUTH,0,574,0
Nelson,NELSON,0,42,0
Nerrena,NERRENA,0,96,0
Netherby,BAKER,0,44,0
New Gisborne,MOUNT MACEDON,17,1013,0.016781836
New Gisborne,NEW GISBORNE,17,1013,0.016781836
Newborough,MOE,43,2864,0.015013966
Newborough,NEWBOROUGH,43,2864,0.015013966
Newbridge,NEWBRIDGE,0,95,0
Newbury,NEWBURY,0,23,0
Newcomb,NEWCOMB,37,1692,0.021867612
Newham,NEWHAM,0,194,0
Newhaven,NEWHAVEN,4,157,0.025477707
Newington,BALLARAT,34,761,0.044678055
Newlyn,NEWLYN  ,0,30,0
Newmerella,NEWMERELLA,0,189,0
Newport,NEWPORT,316,3849,0.082099247
Newport,WILLIAMSTOWN,316,3849,0.082099247
Newry,NEWRY,0,191,0
Newry,STRATFORD,0,191,0
Newstead,NEWSTEAD,0,303,0
Newtown (Greater Geelong - Vic.),NEWTOWN,212,3281,0.064614447
Nhill,NHILL,0,861,0
Nichols Point,MILDURA,5,681,0.007342144
Nichols Point,NICHOLS POINT,5,681,0.007342144
Nirranda,NIRRANDA,0,25,0
Noble Park,NOBLE PARK,2744,3233,0.848747294
Noble Park North,NOBLE PARK NORTH,518,1087,0.476540938
Noojee,NOOJEE,0,55,0
Noorat,NOORAT,0,166,0
Norlane,NORLANE,78,2665,0.029268293
North Bendigo,BENDIGO,64,1464,0.043715847
North Bendigo,NORTH BENDIGO,64,1464,0.043715847
North Geelong,GEELONG,58,825,0.07030303
North Geelong,NORTH GEELONG,58,825,0.07030303
North Melbourne,NORTH MELBOURNE,3311,2348,1.410136286
North Wangaratta,WANGARATTA,0,112,0
Northcote,NORTHCOTE,835,6518,0.128106781
Northcote,THORNBURY,835,6518,0.128106781
Notting Hill,CLAYTON,990,363,2.727272727
Notting Hill,NOTTING HILL,990,363,2.727272727
Nowa Nowa,NOWA NOWA,0,86,0
Nullawil,NULLAWIL,0,52,0
Numurkah,NUMURKAH,11,2023,0.005437469
Numurkah,WAAIA,11,2023,0.005437469
Nunawading,DONVALE,2049,3011,0.680504816
Nunawading,NUNAWADING,2049,3011,0.680504816
Nyah,NYAH,0,222,0
Nyah,NYAH WEST,0,222,0
Nyah West,NYAH WEST,3,245,0.012244898
Nyora,NYORA,4,694,0.005763689
Oak Park,OAK PARK,345,1361,0.253490081
Oaklands Junction,GREENVALE,10,149,0.067114094
Oakleigh,OAKLEIGH,862,1481,0.582039163
Oakleigh East,CLAYTON,1091,928,1.175646552
Oakleigh East,OAKLEIGH,1091,928,1.175646552
Oakleigh South,CLAYTON,969,1563,0.619961612
Oakleigh South,OAKLEIGH,969,1563,0.619961612
Oakleigh South,OAKLEIGH SOUTH,969,1563,0.619961612
Ocean Grove,OCEAN GROVE,113,5498,0.020552928
Ocean Grove,(blank),113,5498,0.020552928
Officer,OFFICER,130,2394,0.054302423
Officer,(blank),130,2394,0.054302423
Olinda,OLINDA,18,599,0.030050083
Omeo,OMEO,7,192,0.036458333
Orbost,ORBOST,13,1127,0.011535049
Ormond,CARNEGIE,856,1931,0.44329363
Ormond,HAMPTON,856,1931,0.44329363
Ormond,ORMOND,856,1931,0.44329363
Ormond,SANDRINGHAM,856,1931,0.44329363
Orrvale,SHEPPARTON,4,143,0.027972028
Outtrim,OUTRIM,3,112,0.026785714
Outtrim,OUTTRIM,3,112,0.026785714
Ouyen,OUYEN,8,550,0.014545455
Oxley,OXLEY,3,265,0.011320755
Pakenham,PAKENHAM,694,16225,0.042773498
Pakenham Upper,PAKENHAM UPPER,4,454,0.008810573
Panmure,PANMURE,0,198,0
Panton Hill,PANTON HILL  ,9,385,0.023376623
Paraparap,PARAPARAP,0,66,0
Park Orchards,PARK ORCHARDS,127,1351,0.094004441
Parkdale,MENTONE,343,3941,0.087033748
Parkdale,MORDIALLOC,343,3941,0.087033748
Parkdale,PARKDALE,343,3941,0.087033748
Parkville,CARLTON,1180,1482,0.796221323
Parkville,PARKVILLE,1180,1482,0.796221323
Pascoe Vale,PASCOE VALE,595,3637,0.163596371
Pascoe Vale South,PASCOE VALE SOUTH,248,2343,0.105847204
Patchewollock,PATCHEWOLLOCK,0,66,0
Patterson Lakes,PATTERSON LAKES,354,2234,0.158460161
Paynesville,PAYNESVILLE,19,1308,0.014525994
Pearcedale,PEARCEDALE,28,1688,0.016587678
Peechelba,PEECHELBA,0,76,0
Penshurst,PENSHURST,0,278,0
Peterborough,PETERBOROUGH,3,127,0.023622047
Pheasant Creek,PHEASANT CREEK,4,135,0.02962963
Picola,PICOLA,0,94,0
Pigeon Ponds,PIGEON PONDS,0,25,0
Pimpinio,HORSHAM,0,83,0
Pine Lodge,PINE LODGE,0,136,0
Plenty,PLENTY,26,813,0.03198032
Point Cook,POINT COOK,7172,8383,0.855540976
Point Leo,POINT LEO,4,60,0.066666667
Point Lonsdale,POINT LONSDALE,17,945,0.017989418
Pomonal,POMONAL,0,139,0
Poowong,POOWONG,7,318,0.022012579
Porepunkah,POREPUNKAH,6,398,0.015075377
Port Campbell,COORIEMUNGLE,5,176,0.028409091
Port Campbell,PORT CAMPBELL,5,176,0.028409091
Port Fairy,PORT FAIRY,20,1267,0.01578532
Port Melbourne,PORT MELBOURNE,534,3876,0.137770898
Port Welshpool,PORT WELSHPOOL,4,68,0.058823529
Portarlington,PORTARLINGTON,18,1275,0.014117647
Portland,PORTLAND,63,4283,0.014709316
Portland West,PORTLAND,0,244,0
Portsea,PORTSEA,3,160,0.01875
Powelltown,POWELLTOWN,8,104,0.076923077
Powlett Plains,POWLETT PLAINS,0,12,0
Prahran,PRAHRAN,610,2813,0.216850338
Preston,PRESTON,2363,6335,0.373007103
Preston,RESERVOIR,2363,6335,0.373007103
Preston,WEST PRESTON,2363,6335,0.373007103
Princes Hill,PRINCES HILL,71,510,0.139215686
Princes Hill,PRINCESS HILL,71,510,0.139215686
Princetown,PRINCETOWN,0,115,0
Purnim,FRAMLINGHAM,0,84,0
Purnim,PURNIM,0,84,0
Pyalong,PYALONG,0,274,0
Pyramid Hill,PYRAMID HILLS,3,189,0.015873016
Quambatook,KERANG,0,86,0
Quambatook,QUAMBATOOK,0,86,0
Quantong,QUANTONG,0,157,0
Quarry Hill,BENDIGO,29,900,0.032222222
Quarry Hill,QUARRY HILL,29,900,0.032222222
Queenscliff,QUEENSCLIFF,3,440,0.006818182
Queenscliff,QUEENSCLIFFE,3,440,0.006818182
Raglan,RAGLAN,0,103,0
Rainbow,RAINBOW,7,304,0.023026316
Ravenhall,RAVENHALL,0,3,0
Ravenswood,RAVENSWOOD,12,184,0.065217391
Rawson,RAWSON,8,135,0.059259259
Raywood,RAYWOOD,3,162,0.018518519
Red Cliffs,RED CLIFFS,23,2101,0.010947168
Red Hill,RED HILL,7,356,0.019662921
Redan,BALLARAT,17,1121,0.015165031
Redan,REDAN,17,1121,0.015165031
Redesdale,REDESDALE,0,80,0
Research,RESEARCH,46,958,0.048016701
Reservoir,BUNDOORA,3251,8721,0.372778351
Reservoir,KEON PARK,3251,8721,0.372778351
Reservoir,PRESTON,3251,8721,0.372778351
Reservoir,RESERVOIR,3251,8721,0.372778351
Rhyll,RHYLL,5,219,0.02283105
Rich Avon West,RICH AVON WEST,0,11,0
Richmond,BURNLEY,2203,5981,0.368333055
Richmond,CREMORNE,2203,5981,0.368333055
Richmond,RICHMOND,2203,5981,0.368333055
Riddells Creek,RIDDELLS CREEK,17,1656,0.0102657
Ringwood,RINGWOOD,1920,4903,0.391596981
Ringwood East,RINGWOOD EAST,803,3231,0.248529867
Ringwood North,RINGWOOD,662,3459,0.191384793
Ringwood North,RINGWOOD NORTH,662,3459,0.191384793
Robinvale,ROBINVALE,153,751,0.203728362
Rochester,ROCHESTER,13,1457,0.008922443
Rockbank,ROCKBANK,15,361,0.041551247
Rokeby,ROKEBY,4,86,0.046511628
Rokewood,ROCKWOOD,0,96,0
Rokewood,ROKEWOOD,0,96,0
Romsey,ROMSEY,25,2113,0.011831519
Rosanna,ROSANNA,495,2415,0.204968944
Rosebud,ROSEBUD,116,5094,0.022771888
Rosebud West,ROSEBUD,30,1840,0.016304348
Rosebud West,ROSEBUD WEST,30,1840,0.016304348
Rosebud West,TOOTGAROOK,30,1840,0.016304348
Rosedale,ROSEDALE,5,778,0.006426735
Ross Creek,ROSS CREEK,11,571,0.019264448
Rowville,ROWVILLE,3822,8849,0.431913211
Rowville,(blank),3822,8849,0.431913211
Roxburgh Park,ROXBURGH PARK,387,2437,0.158801805
Ruffy,RUFFY,0,37,0
Rupanyup,RUPANYUP,6,277,0.02166065
Rushworth,RUSHWORTH,4,571,0.007005254
Rutherglen,RUTHERGLEN,16,1058,0.015122873
Rye,RYE,49,3163,0.015491622
Rye,ST ANDREWS BEACH,49,3163,0.015491622
Rythdale,PAKENHAM SOUTH,3,4,0.75
Safety Beach,SAFETY BEACH,20,1512,0.013227513
Sale,SALE,158,5614,0.028143926
San Remo,SAN REMO,19,470,0.040425532
Sandford,SANDFORD,0,46,0
Sandhill Lake,SANDHILL LAKE,0,4,0
Sandhurst,SANDHURST,215,1449,0.148378192
Sandringham,SANDRINGHAM,229,3195,0.071674491
Sandringham,(blank),229,3195,0.071674491
Sandy Creek,SANDY CREEK,0,86,0
Sandy Point,SANDY POINT,0,86,0
Sandy Point,SANY POINT,0,86,0
Sarsfield,SARSFIELD,3,248,0.012096774
Sassafras,FERNY CREEK,11,339,0.032448378
Scoresby,SCORESBY,859,1573,0.546090273
Scotts Creek,SCOTTS CREEK,0,108,0
Sea Lake,SEA LAKE,0,292,0
Seabrook,SEABROOK,375,1139,0.329236172
Seaford,CARRUM DOWNS,252,5682,0.044350581
Seaford,FRANKSTON,252,5682,0.044350581
Seaford,SEAFORD,252,5682,0.044350581
Seaholme,ALTONA,48,542,0.088560886
Seaholme,SEAHOLME,48,542,0.088560886
Seaspray,SEASPRAY,3,121,0.024793388
Sebastian,SEBASTIAN,3,110,0.027272727
Sebastopol,SEBASTOPOL,94,4277,0.021978022
Selby,SELBY,23,595,0.038655462
Serpentine,SERPENTINE,0,73,0
Serviceton,SERVICETON,0,62,0
Seville,SEVILLE,17,987,0.017223911
Seymour,SEYMOUR,142,2585,0.054932302
Shady Creek,SHADY CREEK,0,86,0
Sheep Hills,WARRACKNABEAL,0,12,0
Shelford,SHELFORD,0,117,0
Shepherds Flat,SHEPHERDS FLAT,3,36,0.083333333
Shepparton,SHEPPARTON,439,9818,0.044713791
Shepparton East,SHEPPARTON EAST,6,344,0.01744186
Shepparton North,SHEPPARTON,12,328,0.036585366
Shoreham,FLINDERS,0,201,0
Shoreham,SHOREHAM,0,201,0
Silvan,SILVAN,5,416,0.012019231
Simpson,SIMPSON  ,0,252,0
Skipton,SKIPTON,0,254,0
Skye,SKYE,124,3002,0.041305796
Smeaton,SMEATON,0,69,0
Smiths Gully,ST ANDREWS,3,147,0.020408163
Smythesdale,SMYTHESDALE,10,427,0.023419204
Snake Valley,SNAKE VALLEY,9,280,0.032142857
Soldiers Hill,BALLARAT,18,1025,0.017560976
Somers,SOMERS,15,650,0.023076923
Somers,(blank),15,650,0.023076923
Somerton,SOMERTON,0,0,0
Somerville,PEARCEDALE,51,4806,0.010611735
Somerville,SOMERVILLE,51,4806,0.010611735
Somerville,SOMMERVILLE,51,4806,0.010611735
Sorrento,SORRENTO,0,520,0
South Dudley,WONTHAGGI,3,192,0.015625
South Geelong,GEELONG SOUTH,20,357,0.056022409
South Geelong,SOUTH GEELONG,20,357,0.056022409
South Kingsville,SOUTH KINGSVILLE,73,492,0.148373984
South Melbourne,SOUTHBANK,889,2344,0.379266212
South Morang,SOUTH MORANG,673,5264,0.127849544
South Yarra,RICHMOND,2779,4794,0.579682937
South Yarra,SOUTH YARRA,2779,4794,0.579682937
Southbank,SOUTHBANK,4771,1968,2.424288618
Spargo Creek,KORWEINGUBOORA,0,8,0
Speed,SPEED,3,47,0.063829787
Spotswood,SPOTSWOOD,94,786,0.119592875
Spring Gully,SPRING GULLY,48,1124,0.042704626
Spring Gully,(blank),48,1124,0.042704626
Springhurst,SPRINGHURST,0,155,0
Springvale,MULGRAVE,4355,1277,3.410336727
Springvale,SPRINGVALE,4355,1277,3.410336727
Springvale South,SPRINGVALE,2509,1047,2.396370583
St Albans,KEILOR DOWNS,2625,2883,0.910509886
St Albans,ST ALBANS,2625,2883,0.910509886
St Andrews,ST ANDREWS,7,519,0.013487476
St Arnaud,ST ARNAUD,13,970,0.013402062
St Clair,FOREST HILL,0,28,0
St Helena,ST HELENA,74,993,0.074521652
St James,ST JAMES,0,65,0
St Kilda,ALBERT PARK,693,4019,0.172430953
St Kilda,ST KILDA,693,4019,0.172430953
St Kilda East,ST KILDA EAST,407,3306,0.123109498
St Leonards,ST LEONARDS,13,898,0.014476615
St Leonards,ST. LEONARDS,13,898,0.014476615
Stanhope,STANHOPE,5,356,0.014044944
Stanley,STANLEY,5,134,0.037313433
Stawell,STAWELL,40,2590,0.015444015
Stony Creek (South Gippsland - Vic.),STONY CREEK,0,138,0
Stratford,STOCKDALE,11,1241,0.00886382
Stratford,STRATFORD,11,1241,0.00886382
Strath Creek,STRATH CREEK,0,70,0
Strathbogie,STRATHBOGIE,0,110,0
Strathdale,BENDIGO,107,2235,0.04787472
Strathewen,STRATHEWEN,0,86,0
Strathfieldsaye,EMU CREEK,43,2605,0.016506718
Strathfieldsaye,STRATHFIELDSAYE,43,2605,0.016506718
Strathmerton,STRATHMERTON,3,448,0.006696429
Strathmore,STRATHMORE,200,2460,0.081300813
Strathmore,STRATHMORE HEIGHTS,200,2460,0.081300813
Strathmore Heights,STRATHMORE HEIGHTS,16,298,0.053691275
Streatham,STREATHAM,0,66,0
Stuart Mill,STUART MILL,0,29,0
Sunbury,GISBORNE,399,13760,0.028997093
Sunbury,GISBORNE SOUTH,399,13760,0.028997093
Sunbury,SUNBURY,399,13760,0.028997093
Sunshine,SUNSHINE,701,1354,0.517725258
Sunshine North,ST ALBANS,1267,1059,1.196411709
Sunshine North,SUNSHINE,1267,1059,1.196411709
Sunshine West,SUNSHINE,1212,2040,0.594117647
Sunshine West,SUNSHINE WEST,1212,2040,0.594117647
Surrey Hills,SURREY HILLS,1573,3991,0.394136808
Sutherlands Creek,SUTHERLANDS CREEK,0,48,0
Sutton Grange,SUTTON GRANGE,3,50,0.06
Swan Hill,SWAN HILL,94,4423,0.021252544
Swan Marsh,PIRRON YALLOCK,0,54,0
Swan Marsh,SWAN MARSH,0,54,0
Swan Reach,SWAN REACH,3,309,0.009708738
Swan Reach,(blank),3,309,0.009708738
Swanpool,SWANPOOL,0,84,0
Swifts Creek,SWIFT CREEK,0,109,0
Sydenham,SYDENHAM,432,1627,0.265519361
Tahara,TAHARA,0,15,0
Talbot,TALBOT,0,186,0
Tallangatta,TALLANGATTA,3,479,0.006263048
Tallarook,TALAROOK,0,278,0
Tallarook,TALLAROOK,0,278,0
Tallygaroopna,TALLYGAROOPNA,0,234,0
Tangambalanga,TANGAMBALANGA,0,262,0
Tanjil South,THALLOO,0,260,0
Taradale,TARADALE,0,180,0
Tarnagulla,TARNAGULLA,0,49,0
Tarneit,HOPPERS CROSSING,1300,5155,0.252182347
Tarneit,TARNEIT,1300,5155,0.252182347
Tarraville,TARRAVILLE,0,27,0
Tarrawingee,TARRAWINGEE,0,162,0
Tarrington,TARRINGTON,0,132,0
Tarrone,TARRONE,0,10,0
Tarwin Lower,TARWIN LOWER,0,154,0
Tatong,TATONG,6,129,0.046511628
Tatura,TATURA,23,1766,0.013023783
Tatyoon,TATYOON,0,60,0
Tawonga,TAWONGA,3,243,0.012345679
Taylors Lakes,SUNSHINE,582,2819,0.20645619
Taylors Lakes,SYDENHAM,582,2819,0.20645619
Taylors Lakes,TAYLORS LAKES,582,2819,0.20645619
Teesdale,TEESDALE,7,725,0.009655172
Telangatuk East,TELANGATUK EAST,0,47,0
Templestowe,TEMPLESTOWE,3248,2876,1.129346314
Templestowe Lower,LOWER TEMPLESTOWE,2541,2447,1.038414385
Templestowe Lower,TEMPLESTOWE,2541,2447,1.038414385
Tempy,TEMPY,0,30,0
Tennyson,TENNYSON,0,26,0
Terang,TERANG,5,951,0.005257624
Terip Terip,TERIP TERIP,0,33,0
The Basin,THE BASIN,53,1763,0.030062394
Thomastown,KEON PARK,1037,2073,0.500241196
Thomastown,THOMASTOWN,1037,2073,0.500241196
Thomson (Greater Geelong - Vic.),THOMSON,11,575,0.019130435
Thomson (Greater Geelong - Vic.),WHITTINGTON,11,575,0.019130435
Thornbury,THORNBURY,614,4352,0.141084559
Thornton,THORNTON,0,141,0
Thorpdale,THORPDALE,3,220,0.013636364
Timboon,TIMBOON,8,529,0.015122873
Tinamba,TINAMBA,0,122,0
Tinamba,(blank),0,122,0
Tintaldra,TINTALDRA,0,27,0
Tolmie,MANSFIELD,0,145,0
Tolmie,TOLMIE,0,145,0
Tongala,TONGALA,12,933,0.012861736
Tooborac,TOOBORAC,0,99,0
Toolamba,TOOLAMBA,6,368,0.016304348
Toolangi,TOOLANGI,0,125,0
Toolern Vale,MELTON,0,312,0
Toolern Vale,TOORLERN VALE,0,312,0
Toolleen,TOOLLEEN,0,80,0
Toolondo,TOOLONDO,0,24,0
Toongabbie,TOONGABBIE,4,517,0.007736944
Toora,TOORA,4,308,0.012987013
Tooradin,TOORADIN,8,744,0.010752688
Toorak,KOOYONG,1108,3151,0.351634402
Toorak,TOORAK,1108,3151,0.351634402
Torquay,TORQUAY,104,5092,0.020424195
Torrita,TORRITA,0,14,0
Trafalgar,TRAFALGAR,14,1777,0.007878447
Trafalgar East,TRAFALGAR,3,172,0.01744186
Traralgon,TRARALGON,255,9842,0.025909368
Traralgon East,TRARALGON,10,722,0.013850416
Traralgon South,TRARALGON,0,254,0
Trentham,TRENTHAM,9,402,0.02238806
Tresco West,LAKE BOGA,0,67,0
Truganina,TRUGANINA,1303,2029,0.64218827
Tuerong,TUERONG,0,120,0
Tullamarine,TULLAMARINE,151,1413,0.106864827
Tungamah,TUNGAMAH,0,179,0
Tyabb,TYABB,29,1415,0.0204947
Tyers,TYERS,3,357,0.008403361
Tylden,TYLDEN,6,236,0.025423729
Tynong,TYNONG,0,206,0
Tyntynder South,TYNTYNDER SOUTH,0,116,0
Tyrendarra,TYRENDARRA,0,87,0
Ultima,ULTIMA,3,78,0.038461538
Undera,UNDERA,0,173,0
Underbool,UNDERBOOL,0,116,0
Upper Ferntree Gully,UPPER FERNTREE GULLY,42,1244,0.033762058
Upwey,UPWEY,80,2509,0.031885213
Vectis,HORSHAM,0,71,0
Ventnor,COWES,3,297,0.01010101
Ventnor,SMITHS BEACH,3,297,0.01010101
Ventnor,VENTNOR,3,297,0.01010101
Venus Bay,VENUS BAY,4,206,0.019417476
Vermont,VERMONT,1822,2738,0.665449233
Vermont,VERMONT SOUTH,1822,2738,0.665449233
Vermont South,BRIGHT,2981,2243,1.329023629
Vermont South,VERMONT,2981,2243,1.329023629
Vermont South,VERMONT SOUTH,2981,2243,1.329023629
Vermont South,(blank),2981,2243,1.329023629
Viewbank,VIEWBANK,717,1851,0.387358185
Vinifera,VINIFERA,0,60,0
Violet Town,VIOLET TOWN,9,361,0.024930748
Waaia,WAAIA,0,182,0
Wahgunyah,WAHGUNYA,3,484,0.006198347
Waldara,WANGARATTA,0,255,0
Wallace,WALLACE,0,85,0
Wallacedale,WALLACEDALE,0,51,0
Wallaloo,WALLALOO,0,14,0
Wallan,WALLAN,108,4446,0.024291498
Wallington,WALLINGTON,11,545,0.020183486
Walpeup,WALPEUP,0,68,0
Walwa,WALWA,0,64,0
Wandana Heights,WANDANA HEIGHTS,43,775,0.055483871
Wandella,KERANG,0,50,0
Wandella,WANDELLA,0,50,0
Wandiligong,WANDILIGONG,3,187,0.016042781
Wandin East,WANDIN EAST,0,126,0
Wandin North,WANDIN NORTH,22,1274,0.017268446
Wando Vale,WANDO VALE,0,40,0
Wandong,WANDONG,7,611,0.011456628
Wangandary,WANGANDARY,0,84,0
Wangaratta,WANGARATTA,160,7132,0.0224341
Wangaratta,WANGARTTA,160,7132,0.0224341
Wangaratta South,WANGARATTA,4,220,0.018181818
Wangoom,WANGOOM,0,116,0
Wantirna,HEATHMONT,2579,3498,0.737278445
Wantirna,WANTIRNA,2579,3498,0.737278445
Wantirna South,WANTIRNA,4619,3949,1.169663206
Wantirna South,WANTIRNA SOUTH,4619,3949,1.169663206
Waranga Shores,RUSHWORTH,9,119,0.075630252
Warburton,WARBURTON,17,667,0.025487256
Warncoort,WARNCOORT,0,46,0
Warneet,WARNEET,3,208,0.014423077
Warracknabeal,WARRACKNABEAL,23,1034,0.022243714
Warragul,WARRAGUL,158,6294,0.025103273
Warragul,WARRAGUL NORTH,158,6294,0.025103273
Warragul South,WARRAGUL SOUTH,0,115,0
Warrak,WARRAK,0,23,0
Warrandyte,WARRANDYTE,221,1821,0.121361889
Warrandyte South,SOUTH WARRANDYTE,15,231,0.064935065
Warrenbayne,WARRENBAYNE,0,55,0
Warrion,WARRION,0,86,0
Warrnambool,WARRNAMBOOL,432,11859,0.036428029
Warrnambool,(blank),432,11859,0.036428029
Watchem,WATCHEM,0,44,0
Watsonia,WATSONIA,254,1732,0.14665127
Watsonia North,BUNDOORA,165,1106,0.149186257
Wattle Glen,WATTLE GLEN,18,766,0.023498695
Waubra,WAUBRA,3,135,0.022222222
Waurn Ponds,WAURN PONDS,153,1924,0.07952183
Wedderburn,WEDDERBURN,9,401,0.02244389
Wellsford,JUNORTOUN,0,62,0
Welshpool,WELSHPOOL,0,133,0
Wendouree,BALLARAT,131,4325,0.030289017
Wendouree,WENDOUREE,131,4325,0.030289017
Wendouree,WENDOUREE WEST,131,4325,0.030289017
Werribee,WERRIBEE,843,11100,0.075945946
Werribee,(blank),843,11100,0.075945946
Werribee South,WERRIBEE,7,424,0.016509434
Wesburn,WESBURN,0,464,0
West Bendigo,BENDIGO,4,172,0.023255814
West Footscray,FOOTSCRAY,678,2319,0.2923674
West Footscray,MAIDSTONE,678,2319,0.2923674
West Footscray,WEST FOOTSCRAY,678,2319,0.2923674
West Melbourne,MELBOURNE,941,805,1.168944099
West Melbourne,WEST MELBOURNE,941,805,1.168944099
West Wodonga,WODONGA,110,6363,0.017287443
West Wodonga,WONDONGA,110,6363,0.017287443
West Wodonga,(blank),110,6363,0.017287443
Westmeadows,MEADOW HEIGHTS,62,1513,0.040978189
Westmeadows,WESTMEADOWS,62,1513,0.040978189
Wheelers Hill,GLEN WAVERLEY,4224,3423,1.234005259
Wheelers Hill,WHEELERS HILL,4224,3423,1.234005259
Wheelers Hill,WODONGA,4224,3423,1.234005259
White Hills,BENDIGO,41,1388,0.029538905
White Hills,WHITE HILLS,41,1388,0.029538905
Whitfield,WHITFIELD,0,85,0
Whittlesea,WHITTLESEA,30,2433,0.012330456
Whorouly,WHOROULY,0,134,0
Wickliffe,WICKLIFFE,0,43,0
Wilby,WILBY,0,89,0
Willaura,WILLLAURA,0,145,0
Williamstown,WILLIAMSTOWN,224,4269,0.052471305
Williamstown North,WILLIAMSTOWN,38,451,0.084257206
Williamstown North,WILLIAMSTOWN NORTH,38,451,0.084257206
Willow Grove,WILLOW GROVE,8,303,0.02640264
Winchelsea,WINCHELSEA,7,832,0.008413462
Windsor,WINDSOR,415,1500,0.276666667
Winslow,WINSLOW,0,157,0
Winton,WANGARATTA,3,44,0.068181818
Winton,WINTON,3,44,0.068181818
Wodonga,WODONGA,140,7514,0.018631887
Wodonga,WONDONGA,140,7514,0.018631887
Wollert,WOLLERT,291,1105,0.263348416
Wonga Park,WONGA PARK,67,1564,0.042838875
Wonthaggi,DALYSTON,35,2007,0.017438964
Wonthaggi,WONTHAGGI,35,2007,0.017438964
Wonthaggi,WONTHAGGIE,35,2007,0.017438964
Woodend,WOODEND,40,2282,0.017528484
Woodend North,CARLSRUSHE,3,130,0.023076923
Woods Point,WOODS POINT,0,7,0
Woodside,WOODSIDE,0,153,0
Woodside Beach,WOODSIDE BEACH,0,27,0
Woodstock,YAN YEAN,0,36,0
Woodvale,WOODVALE,4,188,0.021276596
Woolamai,WOOLAMAI,0,70,0
Woolsthorpe,WOOLSTHORPE,0,188,0
Woomelang,WOOMELANG,0,77,0
Wooragee,WORAGEE,0,149,0
Woori Yallock,WOORI YALLOCK,20,1352,0.014792899
Woorinen,SWAN HILL,3,99,0.03030303
Woorinen,WOORINEN,3,99,0.03030303
Woorndoo,WOORNDOO,0,70,0
Wunghnu,WUNGHNU,0,154,0
Wurruk,SALE,3,538,0.005576208
Wurruk,WURRUK,3,538,0.005576208
Wy Yung,WY YUNG,4,709,0.005641749
Wycheproof,WYCHEPROOF,4,241,0.01659751
Wye River,WYE RIVER,0,13,0
Wyndham Vale,WERRIBEE,506,6587,0.076817975
Wyndham Vale,WYNDHAM VALE,506,6587,0.076817975
Wyuna,WYUNA,0,107,0
Yaapeet,YAAPEET,0,41,0
Yackandandah,YACKANDANDAH,0,766,0
Yalca,BEARII,0,121,0
Yallambie,YALLAMBIE,216,1382,0.156295224
Yallourn,NEWBOROUGH,0,69,0
Yallourn,YALLOURN,0,69,0
Yallourn North,YALLOURN NORTH,3,687,0.004366812
Yambuk,YAMBUK,3,103,0.029126214
Yan Yean,YAN YEAN,0,86,0
Yanac,YANAC,0,34,0
Yanakie,YANAKIE,0,110,0
Yannathan,YANNATHAN,0,124,0
Yapeen,YAPEEN,0,85,0
Yarck,YARCK,0,87,0
Yarra Glen,YARRA GLEN,10,1244,0.008038585
Yarra Junction,YARRA JUNCTION,10,1101,0.009082652
Yarragon,CLOVERLEA,3,779,0.003851091
Yarragon,YARRAGON,3,779,0.003851091
Yarragon,YARRAGOON,3,779,0.003851091
Yarram,YARRAM,9,889,0.010123735
Yarrambat,YARRAMBAT,5,571,0.008756567
Yarraville,YARRAVILLE,549,4132,0.13286544
Yarrawonga,YARRAWONGA,40,3331,0.012008406
Yarroweyah,YARROWEYAH,4,208,0.019230769
Yea,YEA,17,671,0.02533532
Yellingbo,YELLINGBO,9,245,0.036734694
Yendon,YENDON,0,127,0
Yeo,YEO,0,66,0
Yering,CROYDEN,0,52,0
Yering,YERING,0,52,0
Yinnar,YINNAR,4,379,0.01055409
Yinnar South,YINNAR SOUTH,0,269,0
Yulecart,YULECART,0,51,0
